Calvert Small-Cap Fund Class I (CSVIX),CSVIX,MF,Small Blend,5.0,5.0,5.0,5.0,39.43,12.41,12.12,13.06,23.84,-4.25,16.16,41.91,7.64,-0.64,20.54,13.69,-6.54,26.3,14.95,13.44,0.96,0.97,20.44,17.16,16.08,0.63,0.85,0.78,1.85,93.9,4.14,0.1,NA,NA
Federated Hermes International Strategic Value Dividend Fund Class R6 Shares (IVFLX),IVFLX,MF,Foreign Large Value,5.0,2.0,3.0,5.0,18.5,5.83,NA,NA,NA,NA,NA,NA,NA,NA,NA,NA,-12.26,20.54,-1.73,10.35,0.85,0.95,15.19,13.08,12.94,0.43,0.29,0.27,2.29,5.79,91.92,NA,NA,NA
Invesco FTSE RAFI Developed Markets ex-U.S. Small-Mid ETF (PDN),PDN,ETF ,Foreign Small-Mid Value,4.0,4.0,4.0,4.0,42.24,7.31,10.75,6.63,18.26,-12.07,14.47,20.84,-4.56,3.61,6.37,29.36,-17.71,20.15,10.08,11.04,NA,NA,19.48,15.96,15.02,0.39,0.64,0.46,NA,NA,NA,NA,NA,NA
Royce Special Equity Fund Institutional Class (RSEIX),RSEIX,MF,Small Value,4.0,4.0,4.0,4.0,32.19,6.51,8.2,8.88,19.69,0.25,15.46,29.51,1.17,-12.27,32.35,7.96,-9.81,12.65,7.46,13.13,1.15,1.15,18.5,16.4,15.2,0.43,0.62,0.58,14.63,80.6,4.77,NA,NA,NA
Invesco High Yield Equity Dividend Achievers ETF (PEY),PEY,ETF ,Mid-Cap Value,3.0,3.0,5.0,4.0,49.53,10.14,10.16,13.2,20.61,8.71,6.48,30.4,17.85,2.45,31.56,8.65,-7.36,24.61,-3.76,18.94,NA,NA,21.34,17.32,14.21,0.5,0.58,0.9,NA,NA,NA,NA,NA,NA
MFS International Intrinsic Value Fund Class R6 (MINJX),MINJX,MF,Foreign Large Growth,4.0,3.0,5.0,4.0,19.87,13.45,11.64,11.29,9.32,-1.81,16.13,27.8,1.61,6.85,4.31,27.25,-8.89,25.99,20.56,7.41,0.63,0.63,13.69,11.79,11.61,0.9,1.0,0.91,5.58,13.24,81.19,NA,NA,NA
Invesco Defensive Equity ETF (DEF),DEF,ETF ,Large Blend,2.0,2.0,2.0,2.0,29.41,13.85,12.67,11.69,19.42,12.63,7.58,22.64,12.83,-4.5,14.16,21.15,-3.73,28.29,7.46,15.8,NA,NA,16.77,13.68,11.71,0.79,0.86,0.96,0.01,97.91,2.07,NA,NA,NA
Fidelity Advisor International Small Cap Fund Class Z (FIQIX),FIQIX,MF,Foreign Small-Mid Blend,4.0,4.0,5.0,5.0,40.3,NA,NA,NA,NA,NA,NA,NA,NA,NA,NA,NA,NA,21.59,10.11,12.93,0.95,0.95,19.71,16.06,15.31,0.47,0.72,0.6,3.99,2.71,93.3,NA,NA,NA
Hartford Schroders US MidCap Opportunities Fund Class F (HFDFX),HFDFX,MF,Mid-Cap Blend,3.0,3.0,4.0,3.0,36.6,12.7,NA,NA,NA,NA,NA,NA,NA,NA,NA,NA,-10.85,28.19,9.26,17.9,0.82,0.82,21.06,16.88,14.98,0.62,0.73,0.79,3.57,93.44,2.99,NA,NA,NA
Invesco Dividend Income Fund Class R6 (IFUTX),IFUTX,MF,Large Value,3.0,2.0,3.0,2.0,23.42,8.29,8.17,NA,NA,NA,NA,21.62,16.17,3.81,16.17,9.45,-7.03,18.76,1.01,12.25,0.58,0.59,14.92,12.22,10.36,0.6,0.55,0.9,3.23,81.94,14.81,0.01,NA,NA
iShares Select Dividend ETF (DVY),DVY,ETF ,NA,2.0,2.0,4.0,3.0,52.46,11.19,11.46,12.05,17.69,11.9,10.52,28.71,14.89,-2.03,21.46,14.95,-6.3,22.66,-4.9,27.76,NA,NA,20.56,16.35,13.48,0.56,0.68,0.87,0.28,97.73,1.99,NA,NA,NA
Neuberger Berman Genesis Fund Institutional Class (NBGIX),NBGIX,MF,Small Growth,3.0,3.0,3.0,3.0,32.93,16.81,14.21,13.21,21.72,4.88,10.1,37.23,-0.05,0.41,18.35,15.78,-6.52,29.65,25.06,11.89,0.84,0.84,20.61,16.87,15.22,0.78,0.92,0.82,1.28,95.74,2.99,NA,NA,NA
Calvert Equity Fund Class I (CEYIX),CEYIX,MF,Large Growth,4.0,3.0,3.0,3.0,34.39,24.99,18.14,16.12,17.86,-1.7,16.14,31.17,11.57,4.19,2.71,26.24,5.42,36.83,24.59,18.66,0.69,0.69,15.97,13.17,12.79,1.36,1.44,1.14,2.15,95.08,2.48,0.22,NA,0.08
MFS Mid Cap Growth Fund Class R6 (OTCKX),OTCKX,MF,Mid-Cap Growth,4.0,4.0,5.0,4.0,31.17,22.72,17.51,NA,NA,NA,NA,NA,8.95,4.6,4.75,26.39,1.21,37.93,35.8,9.61,0.7,0.7,19.3,15.74,14.63,1.04,1.23,1.03,1.01,89.27,9.72,NA,NA,NA
MFS International New Discovery Fund Class R6 (MIDLX),MIDLX,MF,Foreign Small-Mid Growth,2.0,2.0,3.0,2.0,24.54,7.93,8.93,NA,NA,NA,NA,19.91,-2.55,2.85,0.65,32.16,-10.29,22.94,10.14,6.3,0.92,0.92,17.24,14.24,13.67,0.47,0.73,0.6,2.56,0.43,97.0,NA,NA,NA
First Eagle Overseas Fund Class R6 (FEORX),FEORX,MF,Foreign Large Blend,4.0,2.0,4.0,4.0,17.06,7.07,NA,NA,NA,NA,NA,NA,NA,NA,NA,NA,-9.92,17.94,7.36,5.74,0.8,0.8,12.72,10.58,10.32,0.53,0.55,0.51,13.94,2.73,71.37,0.06,1.66,10.23
