Columbia Bond Fund Institutional 3 Class (CBFYX),CBFYX,MF,Intermediate Core Bond,5.0,5.0,4.0,5.0,2.68,6.9,4.52,3.89,6.55,7.3,5.98,-2.88,5.59,0.31,4.19,3.95,-0.35,9.52,9.28,0.83,0.4,0.57,5.05,4.32,3.64,1.04,0.66,0.91,7.4,NA,NA,84.57,7.73,0.3
Calvert Income Fund Class I (CINCX),CINCX,MF,Corporate Bond,3.0,4.0,3.0,3.0,7.77,8.2,5.77,4.81,7.23,3.3,9.19,-0.01,5.5,-0.55,5.94,7.01,-2.99,14.98,8.57,2.5,0.69,0.69,7.88,6.44,5.22,0.86,0.67,0.81,2.56,0.29,NA,74.61,14.47,8.07
Eaton Vance Core Plus Bond Fund Class I (EIBAX),EIBAX,MF,Intermediate Core-Plus Bond,2.0,5.0,5.0,4.0,9.86,6.23,5.45,5.62,10.58,21.07,8.87,-5.01,11.0,-5.98,11.68,7.71,-0.84,10.81,5.86,3.2,0.49,0.6,8.44,6.73,6.48,0.62,0.68,0.82,6.21,NA,NA,77.81,11.94,4.05
iShares CMBS ETF (CMBS),CMBS,ETF ,Intermediate-Term Bond,4.0,3.0,N/A,3.0,1.74,5.62,3.11,NA,NA,NA,NA,0.03,3.47,0.61,3.04,3.07,0.59,8.03,7.84,-0.05,NA,NA,3.88,3.51,NA,1.14,0.59,NA,0.33,NA,NA,99.67,NA,NA
Invesco Fundamental High Yield Corporate Bond ETF (PHB),PHB,ETF ,NA,3.0,2.0,3.0,3.0,11.37,6.04,5.67,4.96,9.7,5.94,11.98,4.33,1.84,-2.62,12.78,5.11,-2.38,13.15,5.15,1.89,NA,NA,8.67,6.85,6.17,0.56,0.66,0.72,NA,NA,NA,NA,NA,NA
PIMCO Low Duration Income Fund Institutional Class (PFIIX),PFIIX,MF,Short-Term Bond,4.0,5.0,5.0,5.0,6.41,4.42,4.7,3.88,6.99,-4.66,13.25,3.16,-2.28,-0.35,11.35,6.04,1.54,6.69,4.77,1.6,0.55,0.55,4.65,3.82,5.27,0.73,1.13,0.63,7.86,0.47,1.55,56.42,28.99,4.71
Lord Abbett Bond Debenture Fund Class F3 (LBNOX),LBNOX,MF,Multisector Bond,4.0,5.0,5.0,4.0,10.69,7.12,NA,NA,NA,NA,NA,NA,NA,NA,NA,NA,-3.56,13.86,7.76,3.45,0.51,0.51,9.39,7.46,6.79,0.66,0.82,0.86,NA,9.42,0.79,68.29,20.13,1.38
Fidelity Advisor High Income Advantage Fund Class Z (FIQTX),FIQTX,MF,High Yield Bond,5.0,5.0,5.0,5.0,21.68,NA,NA,NA,NA,NA,NA,NA,NA,NA,NA,NA,NA,17.91,9.03,8.79,0.65,0.65,13.2,10.46,9.31,0.65,0.82,0.76,9.88,18.22,1.2,61.09,7.78,1.84
