Western Asset Core Bond Fund Class IS (WACSX),WACSX,MF,Intermediate Core Bond,4.0,5.0,5.0,5.0,0.61,6.5,4.58,4.29,12.25,7.46,7.23,-1.81,7.54,1.22,4.13,5.23,-0.67,10.55,9.13,-0.63,0.43,0.43,4.23,3.78,3.33,1.17,0.76,1.1,-0.27,NA,NA,82.66,16.09,1.51
Invesco Corporate Bond Fund Class R6 (ICBFX),ICBFX,MF,Corporate Bond,5.0,5.0,5.0,5.0,6.13,9.32,6.67,NA,NA,NA,NA,0.53,8.32,-1.19,8.66,7.85,-3.87,16.31,11.81,1.94,0.36,0.36,7.86,6.51,5.58,1.0,0.81,0.99,0.07,0.11,NA,73.77,21.0,5.04
Guggenheim Total Return Bond Fund Institutional Class (GIBIX),GIBIX,MF,Intermediate Core-Plus Bond,4.0,5.0,N/A,5.0,3.54,6.93,5.52,NA,NA,NA,12.92,2.2,8.25,1.23,6.2,6.49,0.93,4.69,15.24,0.5,0.51,0.57,3.86,3.28,NA,1.32,1.27,NA,2.23,1.19,NA,82.58,17.72,-3.72
Vanguard Intermediate-Term Bond Index Fund ETF Shares (BIV),BIV,ETF ,Intermediate-Term Bond,5.0,4.0,5.0,5.0,-0.44,6.61,3.35,4.21,9.55,10.62,7.02,-3.44,7.0,1.23,2.86,3.8,-0.09,10.19,9.71,-0.64,NA,NA,4.18,4.02,4.09,1.29,0.58,0.89,0.03,NA,NA,88.83,9.74,1.4
Invesco Fundamental High Yield Corporate Bond ETF (PHB),PHB,ETF ,NA,3.0,2.0,3.0,3.0,11.37,6.04,5.67,4.96,9.7,5.94,11.98,4.33,1.84,-2.62,12.78,5.11,-2.38,13.15,5.15,1.89,NA,NA,8.67,6.85,6.17,0.56,0.66,0.72,NA,NA,NA,NA,NA,NA
PIMCO Low Duration Income Fund Institutional Class (PFIIX),PFIIX,MF,Short-Term Bond,4.0,5.0,5.0,5.0,6.41,4.42,4.7,3.88,6.99,-4.66,13.25,3.16,-2.28,-0.35,11.35,6.04,1.54,6.69,4.77,1.6,0.55,0.55,4.65,3.82,5.27,0.73,1.13,0.63,7.86,0.47,1.55,56.42,28.99,4.71
PIMCO Diversified Income Fund Institutional Class (PDIIX),PDIIX,MF,Multisector Bond,4.0,4.0,5.0,5.0,5.15,6.29,5.86,5.41,14.26,4.42,14.98,-0.91,2.96,1.26,10.56,8.85,-0.99,12.78,6.37,0.8,0.79,0.79,6.95,5.71,5.61,0.76,0.84,0.87,-17.28,0.08,0.29,66.72,44.72,5.48
VanEck Vectors Fallen Angel High Yield Bond ETF (ANGL),ANGL,ETF ,High Yield Bond,5.0,5.0,N/A,5.0,20.17,10.29,9.06,NA,NA,NA,NA,6.89,6.05,-3.89,25.34,9.64,-4.93,16.53,13.33,5.78,NA,NA,11.36,9.08,NA,0.79,0.89,NA,NA,NA,NA,NA,NA,NA
