JPMorgan Mortgage-Backed Securities Fund Class R6 (JMBUX),JMBUX,MF,Intermediate Core Bond,2.0,4.0,3.0,3.0,2.09,5.21,3.55,3.45,8.82,6.48,5.29,-0.47,4.78,2.18,2.36,3.36,1.98,6.78,5.75,0.65,0.25,0.37,2.41,2.27,2.01,1.57,0.97,1.44,11.78,0.6,NA,87.19,0.39,0.03
American Funds Corporate Bond Fund Class F-3 (CFBFX),CFBFX,MF,Corporate Bond,5.0,4.0,N/A,5.0,0.08,8.71,NA,NA,NA,NA,NA,NA,NA,NA,NA,NA,-2.14,13.84,13.48,-0.58,0.45,0.49,6.05,5.2,NA,1.18,0.79,NA,3.39,NA,NA,79.6,12.71,4.3
Dodge & Cox Income Fund (DODIX),DODIX,MF,Intermediate Core-Plus Bond,4.0,4.0,4.0,4.0,2.29,6.55,4.64,4.22,7.17,4.76,7.94,0.64,5.48,-0.59,5.61,4.36,-0.31,9.73,9.45,0.25,0.42,0.42,3.82,3.26,3.02,1.34,1.04,1.2,2.55,NA,NA,79.84,15.25,2.36
Schwab U.S. Aggregate Bond ETF (SCHZ),SCHZ,ETF ,Intermediate-Term Bond,3.0,3.0,3.0,3.0,-0.68,5.26,2.9,NA,NA,NA,3.9,-2.19,5.97,0.56,2.49,3.46,-0.09,8.64,7.5,-0.59,NA,NA,3.47,3.25,NA,1.18,0.56,NA,2.16,NA,NA,90.05,6.97,0.82
AdvisorShares Newfleet Multi-Sector Income ETF (MINC),MINC,ETF ,NA,3.0,3.0,N/A,3.0,4.46,3.24,2.69,NA,NA,NA,NA,NA,2.11,1.27,3.24,2.31,0.54,5.34,3.55,0.45,NA,NA,3.55,2.79,NA,0.55,0.55,NA,6.23,NA,NA,87.79,5.98,NA
American Funds Short-Term Bond Fund of America Class F-3 (FSBTX),FSBTX,MF,Short-Term Bond,2.0,2.0,1.0,2.0,0.36,2.84,NA,NA,NA,NA,NA,NA,NA,NA,NA,NA,1.42,3.32,3.91,-0.05,0.33,0.34,0.97,0.97,0.87,1.71,0.74,0.74,7.66,NA,NA,81.68,9.36,1.31
Thornburg Strategic Income Fund Class I (TSIIX),TSIIX,MF,Multisector Bond,4.0,4.0,4.0,4.0,6.77,6.28,5.07,5.16,13.48,4.8,12.81,6.3,3.53,-2.1,8.08,6.47,0.68,7.91,8.25,2.45,0.6,0.88,4.93,3.94,4.0,1.0,1.1,1.13,12.45,0.49,NA,70.67,13.3,3.1
Calvert High Yield Bond Fund Class I (CYBIX),CYBIX,MF,High Yield Bond,3.0,3.0,3.0,3.0,7.67,6.2,5.2,5.48,16.5,5.94,15.4,8.55,-0.77,-2.13,12.1,6.09,-2.53,12.81,5.44,2.82,0.77,0.79,7.52,5.98,5.67,0.71,0.79,0.88,3.16,0.82,NA,83.16,11.43,1.42
