American Funds The Bond Fund of America Class F-3 (BFFAX),BFFAX,MF,Intermediate Core Bond,5.0,5.0,4.0,5.0,0.76,6.97,NA,NA,NA,NA,NA,NA,NA,NA,NA,NA,0.21,8.39,11.1,-0.05,0.22,0.22,3.35,3.17,3.01,1.57,0.86,1.04,3.81,0.06,NA,83.52,10.78,1.83
Invesco Corporate Bond Fund Class R6 (ICBFX),ICBFX,MF,Corporate Bond,5.0,5.0,5.0,5.0,6.13,9.32,6.67,NA,NA,NA,NA,0.53,8.32,-1.19,8.66,7.85,-3.87,16.31,11.81,1.94,0.36,0.36,7.86,6.51,5.58,1.0,0.81,0.99,0.07,0.11,NA,73.77,21.0,5.04
American Funds Strategic Bond Fund Class F-3 (ANBGX),ANBGX,MF,Intermediate Core-Plus Bond,5.0,5.0,N/A,5.0,0.95,9.15,NA,NA,NA,NA,NA,NA,NA,NA,NA,NA,0.57,8.34,18.51,-0.44,0.4,0.43,3.96,3.55,NA,1.83,1.18,NA,9.42,0.01,NA,76.04,13.79,0.74
Vanguard Intermediate-Term Bond Index Fund ETF Shares (BIV),BIV,ETF ,Intermediate-Term Bond,5.0,4.0,5.0,5.0,-0.44,6.61,3.35,4.21,9.55,10.62,7.02,-3.44,7.0,1.23,2.86,3.8,-0.09,10.19,9.71,-0.64,NA,NA,4.18,4.02,4.09,1.29,0.58,0.89,0.03,NA,NA,88.83,9.74,1.4
Fidelity Total Bond ETF (FBND),FBND,ETF ,NA,4.0,4.0,N/A,4.0,2.88,6.34,4.26,NA,NA,NA,NA,NA,NA,-1.44,6.64,4.07,-0.67,9.9,9.51,0.41,NA,NA,3.91,3.49,NA,1.31,0.89,NA,14.35,0.1,NA,74.36,9.73,1.46
Thornburg Limited Term Income Fund Class I (THIIX),THIIX,MF,Short-Term Bond,5.0,5.0,5.0,5.0,1.32,4.91,3.39,3.38,6.63,5.45,7.87,0.26,3.76,0.82,3.49,2.73,1.22,5.75,7.59,0.07,0.49,0.51,2.88,2.38,2.17,1.2,0.9,1.29,9.95,NA,NA,80.22,8.85,0.98
The Hartford Strategic Income Fund Class F (HSNFX),HSNFX,MF,Multisector Bond,5.0,5.0,5.0,5.0,7.35,7.81,NA,NA,NA,NA,NA,NA,NA,NA,NA,NA,-1.46,12.05,12.62,0.99,0.59,0.59,7.8,6.38,5.67,0.9,0.9,0.88,8.19,0.17,NA,36.69,51.8,3.16
VanEck Vectors Fallen Angel High Yield Bond ETF (ANGL),ANGL,ETF ,High Yield Bond,5.0,5.0,N/A,5.0,20.17,10.29,9.06,NA,NA,NA,NA,6.89,6.05,-3.89,25.34,9.64,-4.93,16.53,13.33,5.78,NA,NA,11.36,9.08,NA,0.79,0.89,NA,NA,NA,NA,NA,NA,NA
