JPMorgan Mortgage-Backed Securities Fund Class R6 (JMBUX),JMBUX,MF,Intermediate Core Bond,2.0,4.0,3.0,3.0,2.09,5.21,3.55,3.45,8.82,6.48,5.29,-0.47,4.78,2.18,2.36,3.36,1.98,6.78,5.75,0.65,0.25,0.37,2.41,2.27,2.01,1.57,0.97,1.44,11.78,0.6,NA,87.19,0.39,0.03
Federated Hermes Corporate Bond Fund Class R6 Shares (FDBLX),FDBLX,MF,Corporate Bond,3.0,4.0,3.0,3.0,3.45,7.64,NA,NA,NA,NA,NA,NA,NA,NA,NA,7.05,-2.71,14.13,9.08,1.0,0.59,0.66,6.91,5.7,5.0,0.91,0.77,0.91,1.25,0.16,NA,84.77,13.35,0.47
Metropolitan West Total Return Bond Fund Plan Class (MWTSX),MWTSX,MF,Intermediate Core-Plus Bond,4.0,3.0,4.0,4.0,0.82,6.61,4.02,4.33,NA,NA,11.54,0.45,6.16,0.25,2.56,3.49,0.29,9.23,9.17,-0.09,0.38,0.38,3.6,3.27,2.97,1.37,0.8,1.24,-7.65,NA,NA,99.92,6.12,1.61
SPDR Portfolio Aggregate Bond ETF (SPAB),SPAB,ETF ,Intermediate-Term Bond,3.0,3.0,3.0,3.0,-0.54,5.28,2.94,3.29,6.66,7.62,3.94,-2.08,5.84,0.5,2.57,3.51,-0.14,8.73,7.38,-0.54,NA,NA,3.52,3.28,3.02,1.16,0.56,0.89,6.17,NA,NA,86.12,6.95,0.76
American Funds Short-Term Bond Fund of America Class F-3 (FSBTX),FSBTX,MF,Short-Term Bond,2.0,2.0,1.0,2.0,0.36,2.84,NA,NA,NA,NA,NA,NA,NA,NA,NA,NA,1.42,3.32,3.91,-0.05,0.33,0.34,0.97,0.97,0.87,1.71,0.74,0.74,7.66,NA,NA,81.68,9.36,1.31
Thornburg Strategic Income Fund Class I (TSIIX),TSIIX,MF,Multisector Bond,4.0,4.0,4.0,4.0,6.77,6.28,5.07,5.16,13.48,4.8,12.81,6.3,3.53,-2.1,8.08,6.47,0.68,7.91,8.25,2.45,0.6,0.88,4.93,3.94,4.0,1.0,1.1,1.13,12.45,0.49,NA,70.67,13.3,3.1
Calvert High Yield Bond Fund Class I (CYBIX),CYBIX,MF,High Yield Bond,3.0,3.0,3.0,3.0,7.67,6.2,5.2,5.48,16.5,5.94,15.4,8.55,-0.77,-2.13,12.1,6.09,-2.53,12.81,5.44,2.82,0.77,0.79,7.52,5.98,5.67,0.71,0.79,0.88,3.16,0.82,NA,83.16,11.43,1.42
