BNY Mellon Bond Market Index Fund - Class I (DBIRX),DBIRX,MF,Intermediate Core Bond,3.0,3.0,3.0,3.0,-0.85,5.67,3.46,3.15,6.25,7.69,3.94,-2.35,5.72,0.4,2.33,3.35,-0.14,8.49,7.53,-0.61,0.15,0.16,3.49,3.28,3.03,1.17,0.54,0.86,10.4,NA,NA,82.38,6.34,0.88
Fidelity Advisor Corporate Bond Fund Class Z (FIKOX),FIKOX,MF,Corporate Bond,4.0,4.0,4.0,4.0,1.79,NA,NA,NA,NA,NA,NA,NA,NA,NA,NA,NA,NA,14.57,10.89,0.09,0.36,0.4,7.39,6.15,5.34,0.92,0.69,0.91,4.69,NA,NA,69.36,19.56,6.39
Virtus Seix Total Return Bond Fund Class R6 (SAMZX),SAMZX,MF,Intermediate Core-Plus Bond,4.0,3.0,3.0,3.0,0.33,6.65,3.97,NA,NA,NA,NA,NA,NA,0.34,3.13,2.83,-0.17,7.18,11.3,-0.19,0.31,0.46,3.8,3.51,3.24,1.27,0.65,0.97,4.23,NA,NA,90.05,4.76,0.97
American Funds Intermediate Bond Fund of America Class F-3 (IFBFX),IFBFX,MF,Short-Term Bond,5.0,4.0,3.0,5.0,0.98,4.85,NA,NA,NA,NA,NA,NA,NA,NA,NA,NA,1.17,5.0,7.68,0.13,0.24,0.24,1.75,1.76,1.73,1.93,0.82,0.91,10.46,NA,NA,79.46,9.06,1.02
JPMorgan Income Fund Class R6 (JMSFX),JMSFX,MF,Multisector Bond,3.0,4.0,N/A,4.0,8.27,6.2,5.17,NA,NA,NA,NA,NA,NA,-0.5,8.62,5.84,1.13,11.8,3.04,3.44,0.41,0.43,8.38,6.62,NA,0.64,0.68,NA,1.91,0.2,NA,85.74,10.39,1.76
American Funds American High-Income Trust Class F-3 (HIGFX),HIGFX,MF,High Yield Bond,4.0,5.0,3.0,4.0,15.13,7.33,NA,NA,NA,NA,NA,NA,NA,NA,NA,NA,-1.51,12.23,7.4,6.67,0.34,0.34,9.35,7.4,7.11,0.73,0.89,0.73,5.02,4.82,0.09,75.59,11.57,2.91
