JPMorgan Mortgage-Backed Securities Fund Class R6 (JMBUX),JMBUX,MF,Intermediate Core Bond,2.0,4.0,3.0,3.0,2.09,5.21,3.55,3.45,8.82,6.48,5.29,-0.47,4.78,2.18,2.36,3.36,1.98,6.78,5.75,0.65,0.25,0.37,2.41,2.27,2.01,1.57,0.97,1.44,11.78,0.6,NA,87.19,0.39,0.03
Invesco Corporate Bond Fund Class R6 (ICBFX),ICBFX,MF,Corporate Bond,5.0,5.0,5.0,5.0,6.13,9.32,6.67,NA,NA,NA,NA,0.53,8.32,-1.19,8.66,7.85,-3.87,16.31,11.81,1.94,0.36,0.36,7.86,6.51,5.58,1.0,0.81,0.99,0.07,0.11,NA,73.77,21.0,5.04
Guggenheim Total Return Bond Fund Institutional Class (GIBIX),GIBIX,MF,Intermediate Core-Plus Bond,4.0,5.0,N/A,5.0,3.54,6.93,5.52,NA,NA,NA,12.92,2.2,8.25,1.23,6.2,6.49,0.93,4.69,15.24,0.5,0.51,0.57,3.86,3.28,NA,1.32,1.27,NA,2.23,1.19,NA,82.58,17.72,-3.72
iShares CMBS ETF (CMBS),CMBS,ETF ,Intermediate-Term Bond,4.0,3.0,N/A,3.0,1.74,5.62,3.11,NA,NA,NA,NA,0.03,3.47,0.61,3.04,3.07,0.59,8.03,7.84,-0.05,NA,NA,3.88,3.51,NA,1.14,0.59,NA,0.33,NA,NA,99.67,NA,NA
Fidelity Total Bond ETF (FBND),FBND,ETF ,NA,4.0,4.0,N/A,4.0,2.88,6.34,4.26,NA,NA,NA,NA,NA,NA,-1.44,6.64,4.07,-0.67,9.9,9.51,0.41,NA,NA,3.91,3.49,NA,1.31,0.89,NA,14.35,0.1,NA,74.36,9.73,1.46
JPMorgan Short Duration Core Plus Fund Class R6 (JSDRX),JSDRX,MF,Short-Term Bond,5.0,5.0,N/A,5.0,2.84,4.37,3.79,NA,NA,NA,NA,NA,1.13,-2.45,10.72,4.22,0.92,6.1,5.18,0.77,0.33,0.36,2.99,2.56,NA,1.04,1.24,NA,7.02,0.04,NA,71.33,15.49,6.12
Thornburg Strategic Income Fund Class I (TSIIX),TSIIX,MF,Multisector Bond,4.0,4.0,4.0,4.0,6.77,6.28,5.07,5.16,13.48,4.8,12.81,6.3,3.53,-2.1,8.08,6.47,0.68,7.91,8.25,2.45,0.6,0.88,4.93,3.94,4.0,1.0,1.1,1.13,12.45,0.49,NA,70.67,13.3,3.1
American Funds American High-Income Trust Class F-3 (HIGFX),HIGFX,MF,High Yield Bond,4.0,5.0,3.0,4.0,15.13,7.33,NA,NA,NA,NA,NA,NA,NA,NA,NA,NA,-1.51,12.23,7.4,6.67,0.34,0.34,9.35,7.4,7.11,0.73,0.89,0.73,5.02,4.82,0.09,75.59,11.57,2.91
