American Funds The Bond Fund of America Class F-3 (BFFAX),BFFAX,MF,Intermediate Core Bond,5.0,5.0,4.0,5.0,0.76,6.97,NA,NA,NA,NA,NA,NA,NA,NA,NA,NA,0.21,8.39,11.1,-0.05,0.22,0.22,3.35,3.17,3.01,1.57,0.86,1.04,3.81,0.06,NA,83.52,10.78,1.83
American Funds Corporate Bond Fund Class F-3 (CFBFX),CFBFX,MF,Corporate Bond,5.0,4.0,N/A,5.0,0.08,8.71,NA,NA,NA,NA,NA,NA,NA,NA,NA,NA,-2.14,13.84,13.48,-0.58,0.45,0.49,6.05,5.2,NA,1.18,0.79,NA,3.39,NA,NA,79.6,12.71,4.3
American Funds Strategic Bond Fund Class F-3 (ANBGX),ANBGX,MF,Intermediate Core-Plus Bond,5.0,5.0,N/A,5.0,0.95,9.15,NA,NA,NA,NA,NA,NA,NA,NA,NA,NA,0.57,8.34,18.51,-0.44,0.4,0.43,3.96,3.55,NA,1.83,1.18,NA,9.42,0.01,NA,76.04,13.79,0.74
Vanguard Intermediate-Term Bond Index Fund ETF Shares (BIV),BIV,ETF ,Intermediate-Term Bond,5.0,4.0,5.0,5.0,-0.44,6.61,3.35,4.21,9.55,10.62,7.02,-3.44,7.0,1.23,2.86,3.8,-0.09,10.19,9.71,-0.64,NA,NA,4.18,4.02,4.09,1.29,0.58,0.89,0.03,NA,NA,88.83,9.74,1.4
Fidelity Total Bond ETF (FBND),FBND,ETF ,NA,4.0,4.0,N/A,4.0,2.88,6.34,4.26,NA,NA,NA,NA,NA,NA,-1.44,6.64,4.07,-0.67,9.9,9.51,0.41,NA,NA,3.91,3.49,NA,1.31,0.89,NA,14.35,0.1,NA,74.36,9.73,1.46
American Funds Intermediate Bond Fund of America Class F-3 (IFBFX),IFBFX,MF,Short-Term Bond,5.0,4.0,3.0,5.0,0.98,4.85,NA,NA,NA,NA,NA,NA,NA,NA,NA,NA,1.17,5.0,7.68,0.13,0.24,0.24,1.75,1.76,1.73,1.93,0.82,0.91,10.46,NA,NA,79.46,9.06,1.02
Thornburg Strategic Income Fund Class I (TSIIX),TSIIX,MF,Multisector Bond,4.0,4.0,4.0,4.0,6.77,6.28,5.07,5.16,13.48,4.8,12.81,6.3,3.53,-2.1,8.08,6.47,0.68,7.91,8.25,2.45,0.6,0.88,4.93,3.94,4.0,1.0,1.1,1.13,12.45,0.49,NA,70.67,13.3,3.1
VanEck Vectors Fallen Angel High Yield Bond ETF (ANGL),ANGL,ETF ,High Yield Bond,5.0,5.0,N/A,5.0,20.17,10.29,9.06,NA,NA,NA,NA,6.89,6.05,-3.89,25.34,9.64,-4.93,16.53,13.33,5.78,NA,NA,11.36,9.08,NA,0.79,0.89,NA,NA,NA,NA,NA,NA,NA
