Columbia Bond Fund Institutional 3 Class (CBFYX),CBFYX,MF,Intermediate Core Bond,5.0,5.0,4.0,5.0,2.68,6.9,4.52,3.89,6.55,7.3,5.98,-2.88,5.59,0.31,4.19,3.95,-0.35,9.52,9.28,0.83,0.4,0.57,5.05,4.32,3.64,1.04,0.66,0.91,7.4,NA,NA,84.57,7.73,0.3
Lord Abbett Income Fund Class F3 (LOGVX),LOGVX,MF,Corporate Bond,2.0,4.0,3.0,2.0,6.29,7.58,NA,NA,NA,NA,NA,NA,NA,NA,NA,NA,-2.41,13.22,8.24,2.29,0.48,0.48,8.72,6.99,5.89,0.71,0.63,0.81,0.02,0.18,NA,76.35,20.39,3.06
Eaton Vance Core Plus Bond Fund Class I (EIBAX),EIBAX,MF,Intermediate Core-Plus Bond,2.0,5.0,5.0,4.0,9.86,6.23,5.45,5.62,10.58,21.07,8.87,-5.01,11.0,-5.98,11.68,7.71,-0.84,10.81,5.86,3.2,0.49,0.6,8.44,6.73,6.48,0.62,0.68,0.82,6.21,NA,NA,77.81,11.94,4.05
iShares Government-Credit Bond ETF (GBF),GBF,ETF ,Intermediate-Term Bond,4.0,3.0,3.0,3.0,-0.93,5.74,3.02,3.52,6.4,8.5,4.55,-2.56,5.81,0.05,2.77,3.84,-0.61,9.59,8.61,-1.05,NA,NA,4.27,3.87,3.57,1.06,0.52,0.82,NA,NA,NA,NA,NA,NA
Invesco Fundamental High Yield Corporate Bond ETF (PHB),PHB,ETF ,NA,3.0,2.0,3.0,3.0,11.37,6.04,5.67,4.96,9.7,5.94,11.98,4.33,1.84,-2.62,12.78,5.11,-2.38,13.15,5.15,1.89,NA,NA,8.67,6.85,6.17,0.56,0.66,0.72,NA,NA,NA,NA,NA,NA
Franklin Low Duration Total Return Fund Class R6 (FLRRX),FLRRX,MF,Short-Term Bond,3.0,3.0,3.0,3.0,4.58,3.29,2.38,NA,NA,NA,NA,NA,1.46,-0.18,3.01,1.55,1.11,4.86,3.45,1.17,0.32,0.6,4.8,3.73,2.86,0.46,0.42,0.5,-16.66,0.01,NA,83.34,28.4,4.9
Invesco Global Strategic Income Fund Class R6 (OSIIX),OSIIX,MF,Multisector Bond,1.0,1.0,1.0,1.0,3.42,2.82,2.7,NA,NA,NA,NA,0.22,3.07,-2.2,7.12,6.66,-4.36,10.73,3.88,-2.86,0.62,0.62,11.73,9.21,7.34,0.25,0.27,0.37,9.26,0.02,NA,57.3,27.51,5.91
Fidelity Advisor High Income Advantage Fund Class Z (FIQTX),FIQTX,MF,High Yield Bond,5.0,5.0,5.0,5.0,21.68,NA,NA,NA,NA,NA,NA,NA,NA,NA,NA,NA,NA,17.91,9.03,8.79,0.65,0.65,13.2,10.46,9.31,0.65,0.82,0.76,9.88,18.22,1.2,61.09,7.78,1.84
