BNY Mellon Bond Market Index Fund - Class I (DBIRX),DBIRX,MF,Intermediate Core Bond,3.0,3.0,3.0,3.0,-0.85,5.67,3.46,3.15,6.25,7.69,3.94,-2.35,5.72,0.4,2.33,3.35,-0.14,8.49,7.53,-0.61,0.15,0.16,3.49,3.28,3.03,1.17,0.54,0.86,10.4,NA,NA,82.38,6.34,0.88
Vanguard Intermediate-Term Corporate Bond Index Fund ETF Shares (VCIT),VCIT,ETF ,Corporate Bond,4.0,3.0,3.0,3.0,2.49,7.73,4.51,5.18,10.65,7.94,11.36,-1.8,7.47,0.88,5.3,5.5,-1.75,13.97,9.55,0.05,NA,NA,6.6,5.6,5.08,0.99,0.64,0.91,-0.05,NA,NA,84.62,12.21,3.22
Calvert Green Bond Fund Class I (CGBIX),CGBIX,MF,Intermediate Core-Plus Bond,3.0,3.0,N/A,3.0,1.43,5.7,3.84,NA,NA,NA,NA,NA,5.28,0.19,4.05,3.37,0.68,8.34,7.18,-0.07,0.48,0.54,4.95,4.05,NA,0.82,0.58,NA,3.53,0.3,NA,61.51,30.18,4.48
Schwab U.S. Aggregate Bond ETF (SCHZ),SCHZ,ETF ,Intermediate-Term Bond,3.0,3.0,3.0,3.0,-0.68,5.26,2.9,NA,NA,NA,3.9,-2.19,5.97,0.56,2.49,3.46,-0.09,8.64,7.5,-0.59,NA,NA,3.47,3.25,NA,1.18,0.56,NA,2.16,NA,NA,90.05,6.97,0.82
AdvisorShares Newfleet Multi-Sector Income ETF (MINC),MINC,ETF ,NA,3.0,3.0,N/A,3.0,4.46,3.24,2.69,NA,NA,NA,NA,NA,2.11,1.27,3.24,2.31,0.54,5.34,3.55,0.45,NA,NA,3.55,2.79,NA,0.55,0.55,NA,6.23,NA,NA,87.79,5.98,NA
PIMCO Low Duration ESG Fund Institutional Class (PLDIX),PLDIX,MF,Short-Term Bond,2.0,2.0,3.0,3.0,1.02,2.71,1.81,1.85,5.38,2.38,6.0,0.24,0.82,0.65,1.51,1.69,0.31,4.26,3.3,0.13,0.58,0.58,1.31,1.16,1.51,1.16,0.77,0.85,-10.77,NA,NA,78.86,29.98,1.93
Invesco Global Strategic Income Fund Class R6 (OSIIX),OSIIX,MF,Multisector Bond,1.0,1.0,1.0,1.0,3.42,2.82,2.7,NA,NA,NA,NA,0.22,3.07,-2.2,7.12,6.66,-4.36,10.73,3.88,-2.86,0.62,0.62,11.73,9.21,7.34,0.25,0.27,0.37,9.26,0.02,NA,57.3,27.51,5.91
First Eagle High Income Fund Class I (FEHIX),FEHIX,MF,High Yield Bond,3.0,3.0,2.0,3.0,10.39,5.29,4.97,5.02,15.76,4.07,15.19,6.92,-0.24,-7.04,17.19,4.87,-0.43,8.93,7.32,2.6,0.79,0.79,8.14,6.49,6.71,0.53,0.76,0.69,8.81,4.36,NA,73.66,12.17,1.0
