BNY Mellon Bond Market Index Fund - Class I (DBIRX),DBIRX,MF,Intermediate Core Bond,3.0,3.0,3.0,3.0,-0.85,5.67,3.46,3.15,6.25,7.69,3.94,-2.35,5.72,0.4,2.33,3.35,-0.14,8.49,7.53,-0.61,0.15,0.16,3.49,3.28,3.03,1.17,0.54,0.86,10.4,NA,NA,82.38,6.34,0.88
American Funds Corporate Bond Fund Class F-3 (CFBFX),CFBFX,MF,Corporate Bond,5.0,4.0,N/A,5.0,0.08,8.71,NA,NA,NA,NA,NA,NA,NA,NA,NA,NA,-2.14,13.84,13.48,-0.58,0.45,0.49,6.05,5.2,NA,1.18,0.79,NA,3.39,NA,NA,79.6,12.71,4.3
JPMorgan Total Return Fund Class R6 Shares (JMTIX),JMTIX,MF,Intermediate Core-Plus Bond,3.0,3.0,4.0,3.0,-0.55,5.68,4.01,NA,NA,NA,NA,NA,NA,-0.4,4.93,4.27,-0.59,9.69,7.27,-0.47,0.41,0.48,4.01,3.54,3.09,1.05,0.69,1.11,20.84,0.24,NA,67.47,7.82,3.63
iShares Government-Credit Bond ETF (GBF),GBF,ETF ,Intermediate-Term Bond,4.0,3.0,3.0,3.0,-0.93,5.74,3.02,3.52,6.4,8.5,4.55,-2.56,5.81,0.05,2.77,3.84,-0.61,9.59,8.61,-1.05,NA,NA,4.27,3.87,3.57,1.06,0.52,0.82,NA,NA,NA,NA,NA,NA
iShares Core Total USD Bond Market ETF (IUSB),IUSB,ETF ,NA,3.0,3.0,N/A,3.0,0.75,5.6,3.33,NA,NA,NA,NA,NA,NA,0.46,3.78,4.06,-0.38,9.26,7.59,-0.38,NA,NA,3.53,3.25,NA,1.24,0.7,NA,16.38,NA,NA,69.02,13.55,1.06
Vanguard Short-Term Bond Index Fund ETF Shares (BSV),BSV,ETF ,Short-Term Bond,4.0,3.0,3.0,3.0,0.31,3.66,2.12,1.88,4.0,3.04,1.98,0.17,1.32,0.92,1.42,1.2,1.34,4.92,4.67,0.02,NA,NA,1.43,1.42,1.33,1.76,0.71,0.98,NA,NA,NA,NA,NA,NA
Invesco Global Strategic Income Fund Class R6 (OSIIX),OSIIX,MF,Multisector Bond,1.0,1.0,1.0,1.0,3.42,2.82,2.7,NA,NA,NA,NA,0.22,3.07,-2.2,7.12,6.66,-4.36,10.73,3.88,-2.86,0.62,0.62,11.73,9.21,7.34,0.25,0.27,0.37,9.26,0.02,NA,57.3,27.51,5.91
MFS High Income Fund Class R6 (MHIKX),MHIKX,MF,High Yield Bond,3.0,3.0,3.0,3.0,7.18,6.23,5.41,NA,NA,NA,NA,6.4,2.82,-3.49,13.77,6.5,-2.95,14.84,4.8,2.65,0.59,0.59,7.86,6.32,6.21,0.7,0.82,0.83,2.56,NA,0.05,82.96,12.57,1.86
