T. Rowe Price New Income Fund I Class (PRXEX),PRXEX,MF,Intermediate Core Bond,3.0,3.0,3.0,3.0,1.57,5.56,NA,NA,NA,NA,NA,NA,NA,NA,2.8,4.16,-0.5,9.39,5.85,0.29,0.39,0.39,5.0,4.25,3.6,0.8,0.47,0.78,-5.12,0.01,NA,91.05,12.74,1.32
Lord Abbett Income Fund Class F3 (LOGVX),LOGVX,MF,Corporate Bond,2.0,4.0,3.0,2.0,6.29,7.58,NA,NA,NA,NA,NA,NA,NA,NA,NA,NA,-2.41,13.22,8.24,2.29,0.48,0.48,8.72,6.99,5.89,0.71,0.63,0.81,0.02,0.18,NA,76.35,20.39,3.06
Eaton Vance Core Plus Bond Fund Class I (EIBAX),EIBAX,MF,Intermediate Core-Plus Bond,2.0,5.0,5.0,4.0,9.86,6.23,5.45,5.62,10.58,21.07,8.87,-5.01,11.0,-5.98,11.68,7.71,-0.84,10.81,5.86,3.2,0.49,0.6,8.44,6.73,6.48,0.62,0.68,0.82,6.21,NA,NA,77.81,11.94,4.05
iShares Government-Credit Bond ETF (GBF),GBF,ETF ,Intermediate-Term Bond,4.0,3.0,3.0,3.0,-0.93,5.74,3.02,3.52,6.4,8.5,4.55,-2.56,5.81,0.05,2.77,3.84,-0.61,9.59,8.61,-1.05,NA,NA,4.27,3.87,3.57,1.06,0.52,0.82,NA,NA,NA,NA,NA,NA
AdvisorShares Newfleet Multi-Sector Income ETF (MINC),MINC,ETF ,NA,3.0,3.0,N/A,3.0,4.46,3.24,2.69,NA,NA,NA,NA,NA,2.11,1.27,3.24,2.31,0.54,5.34,3.55,0.45,NA,NA,3.55,2.79,NA,0.55,0.55,NA,6.23,NA,NA,87.79,5.98,NA
Franklin Low Duration Total Return Fund Class R6 (FLRRX),FLRRX,MF,Short-Term Bond,3.0,3.0,3.0,3.0,4.58,3.29,2.38,NA,NA,NA,NA,NA,1.46,-0.18,3.01,1.55,1.11,4.86,3.45,1.17,0.32,0.6,4.8,3.73,2.86,0.46,0.42,0.5,-16.66,0.01,NA,83.34,28.4,4.9
Invesco Global Strategic Income Fund Class R6 (OSIIX),OSIIX,MF,Multisector Bond,1.0,1.0,1.0,1.0,3.42,2.82,2.7,NA,NA,NA,NA,0.22,3.07,-2.2,7.12,6.66,-4.36,10.73,3.88,-2.86,0.62,0.62,11.73,9.21,7.34,0.25,0.27,0.37,9.26,0.02,NA,57.3,27.51,5.91
Hotchkis & Wiley High Yield Fund Class Z (HWHZX),HWHZX,MF,High Yield Bond,2.0,2.0,3.0,2.0,14.3,4.63,NA,NA,NA,NA,NA,NA,NA,NA,NA,NA,NA,9.77,3.83,4.79,0.6,0.63,11.32,8.97,7.98,0.38,0.59,0.68,0.18,4.54,0.01,77.39,11.7,6.18
