JPMorgan Mortgage-Backed Securities Fund Class R6 (JMBUX),JMBUX,MF,Intermediate Core Bond,2.0,4.0,3.0,3.0,2.09,5.21,3.55,3.45,8.82,6.48,5.29,-0.47,4.78,2.18,2.36,3.36,1.98,6.78,5.75,0.65,0.25,0.37,2.41,2.27,2.01,1.57,0.97,1.44,11.78,0.6,NA,87.19,0.39,0.03
PIMCO Investment Grade Credit Bond Fund Institutional Class (PIGIX),PIGIX,MF,Corporate Bond,2.0,3.0,5.0,4.0,2.69,7.33,5.49,5.66,11.72,6.86,14.99,-1.69,8.76,0.28,6.99,7.95,-2.02,14.72,7.5,0.24,0.85,0.85,7.5,6.2,5.49,0.8,0.66,0.93,-51.29,0.05,0.22,120.01,24.86,6.15
JPMorgan Total Return Fund Class R6 Shares (JMTIX),JMTIX,MF,Intermediate Core-Plus Bond,3.0,3.0,4.0,3.0,-0.55,5.68,4.01,NA,NA,NA,NA,NA,NA,-0.4,4.93,4.27,-0.59,9.69,7.27,-0.47,0.41,0.48,4.01,3.54,3.09,1.05,0.69,1.11,20.84,0.24,NA,67.47,7.82,3.63
Schwab U.S. Aggregate Bond ETF (SCHZ),SCHZ,ETF ,Intermediate-Term Bond,3.0,3.0,3.0,3.0,-0.68,5.26,2.9,NA,NA,NA,3.9,-2.19,5.97,0.56,2.49,3.46,-0.09,8.64,7.5,-0.59,NA,NA,3.47,3.25,NA,1.18,0.56,NA,2.16,NA,NA,90.05,6.97,0.82
AdvisorShares Newfleet Multi-Sector Income ETF (MINC),MINC,ETF ,NA,3.0,3.0,N/A,3.0,4.46,3.24,2.69,NA,NA,NA,NA,NA,2.11,1.27,3.24,2.31,0.54,5.34,3.55,0.45,NA,NA,3.55,2.79,NA,0.55,0.55,NA,6.23,NA,NA,87.79,5.98,NA
PIMCO Low Duration ESG Fund Institutional Class (PLDIX),PLDIX,MF,Short-Term Bond,2.0,2.0,3.0,3.0,1.02,2.71,1.81,1.85,5.38,2.38,6.0,0.24,0.82,0.65,1.51,1.69,0.31,4.26,3.3,0.13,0.58,0.58,1.31,1.16,1.51,1.16,0.77,0.85,-10.77,NA,NA,78.86,29.98,1.93
Invesco Global Strategic Income Fund Class R6 (OSIIX),OSIIX,MF,Multisector Bond,1.0,1.0,1.0,1.0,3.42,2.82,2.7,NA,NA,NA,NA,0.22,3.07,-2.2,7.12,6.66,-4.36,10.73,3.88,-2.86,0.62,0.62,11.73,9.21,7.34,0.25,0.27,0.37,9.26,0.02,NA,57.3,27.51,5.91
Hotchkis & Wiley High Yield Fund Class Z (HWHZX),HWHZX,MF,High Yield Bond,2.0,2.0,3.0,2.0,14.3,4.63,NA,NA,NA,NA,NA,NA,NA,NA,NA,NA,NA,9.77,3.83,4.79,0.6,0.63,11.32,8.97,7.98,0.38,0.59,0.68,0.18,4.54,0.01,77.39,11.7,6.18
