T. Rowe Price New Income Fund I Class (PRXEX),PRXEX,MF,Intermediate Core Bond,3.0,3.0,3.0,3.0,1.57,5.56,NA,NA,NA,NA,NA,NA,NA,NA,2.8,4.16,-0.5,9.39,5.85,0.29,0.39,0.39,5.0,4.25,3.6,0.8,0.47,0.78,-5.12,0.01,NA,91.05,12.74,1.32
Goldman Sachs Investment Grade Credit Fund Class R6 (GTIUX),GTIUX,MF,Corporate Bond,3.0,3.0,3.0,3.0,1.72,8.16,NA,NA,NA,NA,NA,NA,NA,NA,5.25,6.49,-2.56,15.36,10.12,-0.15,0.37,0.46,8.5,6.97,5.73,0.81,0.58,0.81,1.48,NA,NA,73.93,17.35,7.24
Calvert Green Bond Fund Class I (CGBIX),CGBIX,MF,Intermediate Core-Plus Bond,3.0,3.0,N/A,3.0,1.43,5.7,3.84,NA,NA,NA,NA,NA,5.28,0.19,4.05,3.37,0.68,8.34,7.18,-0.07,0.48,0.54,4.95,4.05,NA,0.82,0.58,NA,3.53,0.3,NA,61.51,30.18,4.48
iShares Government-Credit Bond ETF (GBF),GBF,ETF ,Intermediate-Term Bond,4.0,3.0,3.0,3.0,-0.93,5.74,3.02,3.52,6.4,8.5,4.55,-2.56,5.81,0.05,2.77,3.84,-0.61,9.59,8.61,-1.05,NA,NA,4.27,3.87,3.57,1.06,0.52,0.82,NA,NA,NA,NA,NA,NA
AdvisorShares Newfleet Multi-Sector Income ETF (MINC),MINC,ETF ,NA,3.0,3.0,N/A,3.0,4.46,3.24,2.69,NA,NA,NA,NA,NA,2.11,1.27,3.24,2.31,0.54,5.34,3.55,0.45,NA,NA,3.55,2.79,NA,0.55,0.55,NA,6.23,NA,NA,87.79,5.98,NA
Columbia Short Term Bond Fund Institutional 3 Class (CSBYX),CSBYX,MF,Short-Term Bond,3.0,3.0,3.0,3.0,3.27,3.53,2.27,1.85,3.57,1.65,2.99,0.63,0.97,0.38,1.97,1.18,0.76,5.23,3.66,1.11,0.39,0.46,4.67,3.64,2.63,0.5,0.34,0.48,2.76,NA,NA,83.34,12.6,1.31
Invesco Global Strategic Income Fund Class R6 (OSIIX),OSIIX,MF,Multisector Bond,1.0,1.0,1.0,1.0,3.42,2.82,2.7,NA,NA,NA,NA,0.22,3.07,-2.2,7.12,6.66,-4.36,10.73,3.88,-2.86,0.62,0.62,11.73,9.21,7.34,0.25,0.27,0.37,9.26,0.02,NA,57.3,27.51,5.91
Hotchkis & Wiley High Yield Fund Class Z (HWHZX),HWHZX,MF,High Yield Bond,2.0,2.0,3.0,2.0,14.3,4.63,NA,NA,NA,NA,NA,NA,NA,NA,NA,NA,NA,9.77,3.83,4.79,0.6,0.63,11.32,8.97,7.98,0.38,0.59,0.68,0.18,4.54,0.01,77.39,11.7,6.18
