GuideStone Funds Medium-Duration Bond Fund Institutional Class (GMDYX),GMDYX,MF,Intermediate Core Bond,4.0,4.0,4.0,4.0,0.1,6.34,4.01,3.84,8.86,6.56,7.93,-1.9,6.03,0.18,3.05,4.14,-0.39,9.81,9.2,-0.91,0.39,0.39,4.25,3.78,3.31,1.12,0.69,0.99,24.0,NA,NA,66.21,8.36,1.44
American Funds Corporate Bond Fund Class F-3 (CFBFX),CFBFX,MF,Corporate Bond,5.0,4.0,N/A,5.0,0.08,8.71,NA,NA,NA,NA,NA,NA,NA,NA,NA,NA,-2.14,13.84,13.48,-0.58,0.45,0.49,6.05,5.2,NA,1.18,0.79,NA,3.39,NA,NA,79.6,12.71,4.3
Goldman Sachs Bond Fund Class R6 Shares (GSFUX),GSFUX,MF,Intermediate Core-Plus Bond,4.0,3.0,4.0,3.0,0.71,7.02,NA,NA,NA,NA,NA,NA,NA,NA,2.95,3.1,-1.46,10.59,11.7,-1.19,0.44,0.61,4.98,4.33,3.55,1.1,0.64,1.03,-13.41,NA,NA,97.15,12.92,3.34
iShares Government-Credit Bond ETF (GBF),GBF,ETF ,Intermediate-Term Bond,4.0,3.0,3.0,3.0,-0.93,5.74,3.02,3.52,6.4,8.5,4.55,-2.56,5.81,0.05,2.77,3.84,-0.61,9.59,8.61,-1.05,NA,NA,4.27,3.87,3.57,1.06,0.52,0.82,NA,NA,NA,NA,NA,NA
iShares Core Total USD Bond Market ETF (IUSB),IUSB,ETF ,NA,3.0,3.0,N/A,3.0,0.75,5.6,3.33,NA,NA,NA,NA,NA,NA,0.46,3.78,4.06,-0.38,9.26,7.59,-0.38,NA,NA,3.53,3.25,NA,1.24,0.7,NA,16.38,NA,NA,69.02,13.55,1.06
Goldman Sachs Short Duration Income Fund Class R6 (GDIUX),GDIUX,MF,Short-Term Bond,4.0,4.0,N/A,4.0,1.33,4.29,NA,NA,NA,NA,NA,NA,NA,NA,2.42,1.68,0.06,6.87,5.94,-0.34,0.44,0.51,3.47,2.83,NA,0.88,0.57,NA,2.2,NA,NA,76.48,17.61,3.71
Invesco Global Strategic Income Fund Class R6 (OSIIX),OSIIX,MF,Multisector Bond,1.0,1.0,1.0,1.0,3.42,2.82,2.7,NA,NA,NA,NA,0.22,3.07,-2.2,7.12,6.66,-4.36,10.73,3.88,-2.86,0.62,0.62,11.73,9.21,7.34,0.25,0.27,0.37,9.26,0.02,NA,57.3,27.51,5.91
VanEck Vectors International High Yield Bond ETF (IHY),IHY,ETF ,High Yield Bond,3.0,3.0,N/A,3.0,13.79,6.98,6.45,NA,NA,NA,NA,7.63,-3.29,-3.59,11.22,11.6,-4.59,12.78,8.59,0.45,NA,NA,10.82,8.79,NA,0.55,0.62,NA,2.29,NA,0.25,0.03,96.27,1.16
