Invesco Intermediate Bond Factor Fund Class R6 (OFIIX),OFIIX,MF,Intermediate Core Bond,4.0,5.0,5.0,5.0,1.14,6.13,4.37,NA,NA,NA,NA,1.28,7.15,-0.79,5.3,6.6,-3.79,11.74,7.79,0.08,0.27,0.47,4.09,3.84,4.16,1.17,0.72,1.03,-11.0,NA,NA,91.8,17.11,2.09
Western Asset Corporate Bond Fund Class I (SIGYX),SIGYX,MF,Corporate Bond,4.0,5.0,5.0,5.0,4.47,8.47,6.3,6.02,11.82,5.62,14.9,0.51,8.49,-0.58,8.35,7.54,-3.27,14.68,11.19,0.93,0.55,0.61,8.63,7.04,6.22,0.85,0.7,0.88,6.14,NA,NA,67.37,19.58,6.91
Eaton Vance Core Plus Bond Fund Class I (EIBAX),EIBAX,MF,Intermediate Core-Plus Bond,2.0,5.0,5.0,4.0,9.86,6.23,5.45,5.62,10.58,21.07,8.87,-5.01,11.0,-5.98,11.68,7.71,-0.84,10.81,5.86,3.2,0.49,0.6,8.44,6.73,6.48,0.62,0.68,0.82,6.21,NA,NA,77.81,11.94,4.05
Vanguard Intermediate-Term Bond Index Fund ETF Shares (BIV),BIV,ETF ,Intermediate-Term Bond,5.0,4.0,5.0,5.0,-0.44,6.61,3.35,4.21,9.55,10.62,7.02,-3.44,7.0,1.23,2.86,3.8,-0.09,10.19,9.71,-0.64,NA,NA,4.18,4.02,4.09,1.29,0.58,0.89,0.03,NA,NA,88.83,9.74,1.4
PIMCO Low Duration Income Fund Institutional Class (PFIIX),PFIIX,MF,Short-Term Bond,4.0,5.0,5.0,5.0,6.41,4.42,4.7,3.88,6.99,-4.66,13.25,3.16,-2.28,-0.35,11.35,6.04,1.54,6.69,4.77,1.6,0.55,0.55,4.65,3.82,5.27,0.73,1.13,0.63,7.86,0.47,1.55,56.42,28.99,4.71
Invesco Global Strategic Income Fund Class R6 (OSIIX),OSIIX,MF,Multisector Bond,1.0,1.0,1.0,1.0,3.42,2.82,2.7,NA,NA,NA,NA,0.22,3.07,-2.2,7.12,6.66,-4.36,10.73,3.88,-2.86,0.62,0.62,11.73,9.21,7.34,0.25,0.27,0.37,9.26,0.02,NA,57.3,27.51,5.91
Fidelity Advisor High Income Advantage Fund Class Z (FIQTX),FIQTX,MF,High Yield Bond,5.0,5.0,5.0,5.0,21.68,NA,NA,NA,NA,NA,NA,NA,NA,NA,NA,NA,NA,17.91,9.03,8.79,0.65,0.65,13.2,10.46,9.31,0.65,0.82,0.76,9.88,18.22,1.2,61.09,7.78,1.84
