Baron Investment Funds Trust - Baron Small Cap Fund (BSFIX),BSFIX,MF,NA,3.0,4.0,3.0,3.0,NA,NA,NA,NA,NA,NA,NA,NA,NA,NA,NA,NA,NA,NA,NA,NA,NA,NA,NA,NA,NA,NA,NA,NA,1.54,88.37,10.09,NA,NA,NA
Vanguard Small-Cap Growth Index Fund ETF Shares (VBK),VBK,ETF ,NA,3.0,3.0,3.0,3.0,NA,NA,NA,NA,NA,NA,NA,NA,NA,NA,NA,NA,NA,NA,NA,NA,NA,NA,NA,NA,NA,NA,NA,NA,-0.01,99.5,0.51,NA,NA,NA
iShares Morningstar Mid-Cap Value ETF (JKI),JKI,NA,NA,N/A,N/A,N/A,N/A,25.36,6.16,11.06,10.49,35.63,20.22,-2.87,17.28,41.72,11.14,-2.81,24.77,12.69,-10.77,24.4,15.85,NA,NA,24.21,19.7,16.7,0.32,0.58,0.65,NA,NA,NA,NA,NA,NA
Delaware U.S. Growth Fund Institutional Class (DEUIX),DEUIX,NA,NA,N/A,N/A,N/A,N/A,NA,NA,NA,NA,NA,NA,NA,NA,NA,NA,NA,NA,NA,NA,NA,NA,NA,NA,NA,NA,NA,NA,NA,NA,NA,NA,NA,NA,NA,NA
iShares Core S&P U.S. Growth ETF (IUSG),IUSG,ETF ,NA,3.0,3.0,4.0,4.0,NA,NA,NA,NA,NA,NA,NA,NA,NA,NA,NA,NA,NA,NA,NA,NA,NA,NA,NA,NA,NA,NA,NA,NA,0.06,99.4,0.54,NA,NA,NA
iShares Morningstar Growth ETF (JKE),JKE,NA,NA,N/A,N/A,N/A,N/A,41.64,20.82,22.03,16.5,43.95,12.6,1.3,17.73,32.07,14.08,7.45,1.57,30.61,2.09,33.47,-1.3,NA,NA,19.28,16.08,14.74,1.0,1.25,1.07,NA,NA,NA,NA,NA,NA
SPDR S&P 600 Small Cap Value ETF (SLYV),SLYV,ETF ,NA,3.0,4.0,5.0,4.0,NA,NA,NA,NA,NA,NA,NA,NA,NA,NA,NA,NA,NA,NA,NA,NA,NA,NA,NA,NA,NA,NA,NA,NA,0.13,98.6,1.27,NA,NA,NA
iShares Morningstar Small-Cap Value ETF (JKL),JKL,NA,NA,N/A,N/A,N/A,N/A,34.08,6.26,10.6,8.83,39.87,25.56,-2.08,18.07,35.36,9.81,-8.77,27.83,8.08,-16.8,19.48,16.52,NA,NA,29.7,24.54,20.3,0.31,0.49,0.49,NA,NA,NA,NA,NA,NA
WisdomTree U.S. SmallCap Quality Dividend Growth Fund (DGRS),DGRS,ETF ,NA,3.0,2.0,N/A,2.0,67.61,12.57,13.81,NA,NA,NA,NA,NA,4.37,-7.03,30.59,7.1,-10.29,24.37,7.43,22.44,NA,NA,25.34,21.11,NA,0.55,0.67,NA,NA,98.92,1.08,NA,NA,NA
Nuveen ESG Small-Cap ETF (NUSC),NUSC,ETF ,NA,5.0,N/A,N/A,5.0,80.31,18.0,NA,NA,NA,NA,NA,NA,NA,NA,NA,16.62,-9.28,26.82,23.48,19.63,NA,NA,25.08,NA,NA,0.74,NA,NA,-0.1,97.59,2.52,NA,NA,NA
iShares Morningstar Mid-Cap ETF (JKG),JKG,NA,NA,N/A,N/A,N/A,N/A,30.52,11.48,14.18,12.02,38.59,26.14,2.06,17.73,32.48,15.64,-1.61,12.13,19.58,-11.41,31.55,5.62,NA,NA,21.57,17.61,15.79,0.54,0.78,0.76,NA,NA,NA,NA,NA,NA
iShares Morningstar U.S. Equity ETF (JKD),JKD,NA,NA,N/A,N/A,N/A,N/A,30.02,13.09,16.19,13.64,21.26,12.68,3.2,17.31,34.14,16.85,-1.12,13.58,22.11,-8.4,32.77,2.02,NA,NA,19.05,15.26,13.6,0.66,0.98,0.96,NA,NA,NA,NA,NA,NA
Vanguard Total Stock Market Index Fund ETF Shares (VTI),VTI,ETF ,NA,3.0,4.0,4.0,4.0,NA,NA,NA,NA,NA,NA,NA,NA,NA,NA,NA,NA,NA,NA,NA,NA,NA,NA,NA,NA,NA,NA,NA,NA,NA,NA,NA,NA,NA,NA
Vanguard Russell 1000 Growth Index Fund ETF Shares (VONG),VONG,ETF ,NA,4.0,4.0,4.0,4.0,NA,NA,NA,NA,NA,NA,NA,NA,NA,NA,NA,NA,NA,NA,NA,NA,NA,NA,NA,NA,NA,NA,NA,NA,-0.1,99.84,0.25,NA,NA,NA
Vanguard FTSE Developed Markets Index Fund ETF Shares (VEA),VEA,ETF ,NA,3.0,4.0,4.0,4.0,NA,NA,NA,NA,NA,NA,NA,NA,NA,NA,NA,NA,NA,NA,NA,NA,NA,NA,NA,NA,NA,NA,NA,NA,0.17,0.87,98.86,NA,NA,0.1
iShares Select Dividend ETF (DVY),DVY,ETF ,NA,2.0,2.0,4.0,3.0,52.46,11.19,11.46,12.05,17.69,11.9,10.52,28.71,14.89,-2.03,21.46,14.95,-6.3,22.66,-4.9,27.76,NA,NA,20.56,16.35,13.48,0.56,0.68,0.87,0.28,97.73,1.99,NA,NA,NA
Vanguard Russell 1000 Value Index Fund ETF Shares (VONV),VONV,ETF ,NA,3.0,3.0,3.0,3.0,NA,NA,NA,NA,NA,NA,NA,NA,NA,NA,NA,NA,NA,NA,NA,NA,NA,NA,NA,NA,NA,NA,NA,NA,0.58,97.97,1.45,NA,NA,NA
iShares Morningstar Value ETF (JKF),JKF,NA,NA,N/A,N/A,N/A,N/A,17.55,6.57,11.15,9.25,11.26,14.38,1.94,12.56,28.54,8.93,-1.56,18.54,14.82,-6.1,25.33,7.64,NA,NA,18.54,15.38,13.62,0.36,0.69,0.67,NA,NA,NA,NA,NA,NA
